data_entrada,data_saida,tipo,entrada,saida,tamanho,pnl,capital_final,motivo_saida,score,atr_entrada
2026-04-02 15:00:00,2026-04-02 15:25:00,LONG,1.1,1.0936005778737297,3125.2821903867703,-20.0,980.0,STOP_LOSS,70,0.0042662814175135405
2026-04-02 15:50:00,2026-04-02 16:05:00,LONG,1.101,1.0943361367052074,2941.2368070809794,-19.6,960.4,STOP_LOSS,75,0.004442575529861736
2026-04-02 17:15:00,2026-04-02 17:15:00,LONG,1.094,1.0887802245772489,3679.851802872387,-19.208,941.192,STOP_LOSS,80,0.0034798502818340553
2026-04-02 17:25:00,2026-04-02 17:25:00,LONG,1.097,1.0917060353491337,3555.7169798857117,-18.82384,922.36816,STOP_LOSS,70,0.0035293097672442594
2026-04-02 18:20:00,2026-04-02 19:00:00,LONG,1.095,1.098548034217192,3812.2465454182634,13.525981187516281,935.8941411875163,STOP_LOSS,120,0.0032259828914039754
2026-04-02 20:50:00,2026-04-02 21:15:00,LONG,1.109,1.1176960172789001,3587.443581628119,31.196471372917475,967.0906125604338,TAKE_PROFIT,75,0.003478406911560079
2026-04-03 01:40:00,2026-04-03 01:40:00,LONG,1.117,1.1121073526833103,3953.240648519722,-19.341812251208676,947.7488003092251,STOP_LOSS,90,0.003261764877793041
2026-04-03 01:45:00,2026-04-03 02:30:00,LONG,1.119,1.1274004905685517,3760.6883097091754,31.591626676974727,979.3404269861999,TAKE_PROFIT,55,0.0033601962274206363
2026-04-03 03:45:00,2026-04-03 03:45:00,LONG,1.126,1.1213089756556658,4175.3798535241585,-19.586808539723997,959.7536184464759,STOP_LOSS,110,0.0031273495628893503
2026-04-03 05:00:00,2026-04-03 05:00:00,LONG,1.126,1.1212409250495234,4033.36206482897,-19.19507236892952,940.5585460775463,STOP_LOSS,100,0.0031727166336509138
2026-04-03 05:05:00,2026-04-03 06:15:00,LONG,1.128,1.13587421937291,3981.594879586105,31.351951535917035,971.9104976134633,TAKE_PROFIT,80,0.0031496877491641404
2026-04-03 07:55:00,2026-04-03 08:25:00,LONG,1.137,1.1448969243503804,4102.485366414321,32.39701658711636,1004.3075142005797,TAKE_PROFIT,75,0.003158769740152112
2026-04-03 11:25:00,2026-04-03 11:35:00,LONG,1.137,1.1324906615636459,4454.345258736329,-20.086150284011595,984.2213639165681,STOP_LOSS,100,0.0030062256242360617
2026-04-03 12:30:00,2026-04-03 12:35:00,LONG,1.135,1.1306602280320033,4535.820642995174,-19.684427278331363,964.5369366382367,STOP_LOSS,75,0.0028931813119978163
2026-04-04 07:40:00,2026-04-04 07:40:00,LONG,1.116,1.1131084252390815,6671.360876948701,-19.290738732764733,945.2461979054721,STOP_LOSS,55,0.0019277165072790594
2026-04-04 07:50:00,2026-04-04 07:50:00,LONG,1.118,1.114481439401799,5372.914130788243,-18.904923958109443,926.3412739473627,STOP_LOSS,80,0.0023457070654673683
2026-04-04 08:45:00,2026-04-04 09:00:00,LONG,1.116,1.113321294783443,6916.3360583436815,-18.526825478947252,907.8144484684154,STOP_LOSS,75,0.0017858034777048092
2026-04-04 16:05:00,2026-04-04 16:05:00,LONG,1.117,1.113417058681734,5067.425714400299,-18.15628896936831,889.6581594990471,STOP_LOSS,100,0.002388627545510584
2026-04-04 16:45:00,2026-04-04 17:05:00,LONG,1.115,1.1118994458103924,5738.704148316329,-17.79316318998094,871.8649963090661,STOP_LOSS,95,0.002067036126405071
2026-04-04 17:25:00,2026-04-04 18:00:00,LONG,1.119,1.1241809399081608,5609.43903206797,29.06216654363595,900.927162852702,TAKE_PROFIT,120,0.0020723759632643277
2026-04-04 18:55:00,2026-04-04 19:40:00,LONG,1.126,1.1224109085540748,5020.3633784565245,-18.01854325705404,882.908619595648,STOP_LOSS,50,0.002392727630616786
2026-04-04 20:50:00,2026-04-04 21:05:00,LONG,1.123,1.119592298574161,5181.84259278698,-17.65817239191296,865.250447203735,STOP_LOSS,50,0.002271800950559272
2026-04-05 23:10:00,2026-04-05 23:10:00,LONG,1.11,1.105179535246145,3589.9046726222005,-17.3050089440747,847.9454382596602,STOP_LOSS,80,0.0032136431692365774
2026-04-06 01:35:00,2026-04-06 01:35:00,LONG,1.102,1.099041898761084,5733.038660775155,-16.958908765193204,830.986529494467,STOP_LOSS,75,0.0019720674926107977
2026-04-06 02:20:00,2026-04-06 02:25:00,LONG,1.101,1.0984113075309678,6420.12552232713,-16.61973058988934,814.3667989045778,STOP_LOSS,100,0.001725794979354744
2026-04-06 03:10:00,2026-04-06 03:15:00,LONG,1.102,1.099527960235363,6588.622161780685,-16.287335978091555,798.0794629264863,STOP_LOSS,80,0.001648026509758154
2026-04-06 03:40:00,2026-04-06 04:05:00,LONG,1.102,1.0992561281067275,5817.177287928063,-15.961589258529726,782.1178736679566,STOP_LOSS,55,0.001829247928848457
2026-04-06 04:20:00,2026-04-06 05:15:00,LONG,1.107,1.1131692919648954,4225.865129625671,26.070595788931577,808.1884694568881,TAKE_PROFIT,80,0.0024677167859581822
2026-04-06 06:15:00,2026-04-06 06:15:00,LONG,1.116,1.1121366877947478,4183.914871586801,-16.163769389137762,792.0247000677504,STOP_LOSS,60,0.002575541470168089
2026-04-06 12:30:00,2026-04-06 13:55:00,LONG,1.131,1.1266068457796103,3605.722268486627,-15.840494001355008,776.1842060663954,STOP_LOSS,95,0.0029287694802598374
2026-04-06 16:55:00,2026-04-06 16:55:00,LONG,1.126,1.1230680951327963,5294.74346012256,-15.523684121327907,760.6605219450674,STOP_LOSS,75,0.0019546032448024575
2026-04-06 17:25:00,2026-04-06 17:55:00,LONG,1.127,1.1247456594523864,6748.408289513075,-15.21321043890135,745.4473115061661,STOP_LOSS,90,0.001502893698409104
2026-04-06 19:15:00,2026-04-06 19:15:00,LONG,1.125,1.1230718814977871,7732.380666962449,-14.908946230123322,730.5383652760428,STOP_LOSS,100,0.0012854123348085594
2026-04-07 00:45:00,2026-04-07 01:05:00,LONG,1.115,1.1118636228631686,4658.485465265819,-14.610767305520856,715.9275979705219,STOP_LOSS,110,0.002090918091220844
2026-04-07 06:00:00,2026-04-07 06:05:00,LONG,1.112,1.1125599563648558,4299.823195752753,2.407713366216057,718.335311336738,STOP_LOSS,75,0.002220021817572084
2026-04-07 22:05:00,2026-04-07 22:45:00,LONG,1.14,1.1499696622957702,2401.7373575482416,23.9445103778918,742.2798217146297,TAKE_PROFIT,55,0.00398786491830808
2026-04-08 00:00:00,2026-04-08 04:30:00,LONG,1.155,1.1489303436126785,2445.870982960848,-14.845596434292593,727.4342252803372,STOP_LOSS,95,0.004046437591547749
2026-04-08 04:55:00,2026-04-08 05:00:00,LONG,1.154,1.1502869634003927,3918.2712357712394,-14.548684505606744,712.8855407747304,STOP_LOSS,90,0.002475357733071497
2026-04-08 09:10:00,2026-04-08 09:20:00,LONG,1.137,1.1332042615933895,3756.2416816353602,-14.257710815494608,698.6278299592358,STOP_LOSS,80,0.002530492271073703
2026-04-08 10:05:00,2026-04-08 10:05:00,LONG,1.141,1.136494202728584,3101.0175907878206,-13.972556599184715,684.6552733600511,STOP_LOSS,60,0.0030038648476106893
2026-04-09 01:00:00,2026-04-09 01:50:00,LONG,1.113,1.1083288946536844,2931.4486512280923,-13.693105467201022,670.9621678928501,STOP_LOSS,55,0.0031140702308770168
2026-04-09 02:25:00,2026-04-09 04:10:00,LONG,1.113,1.1190795006178764,3678.8228182203616,22.365405596428605,693.3275734892786,TAKE_PROFIT,95,0.0024318002471505817
2026-04-09 05:20:00,2026-04-09 05:20:00,LONG,1.113,1.1090297257745658,3492.5928745562164,-13.866551469785573,679.461022019493,STOP_LOSS,40,0.0026468494836228013
2026-04-09 05:40:00,2026-04-09 05:50:00,LONG,1.115,1.1113023802043924,3675.1264844840493,-13.58922044038986,665.8718015791031,STOP_LOSS,70,0.0024650798637383
2026-04-09 06:30:00,2026-04-09 07:05:00,LONG,1.12,1.115924477879347,3267.6637832719207,-13.317436031582062,652.5543655475211,STOP_LOSS,55,0.002717014747102093
2026-04-09 08:30:00,2026-04-09 08:35:00,LONG,1.117,1.113199507631482,3434.0517084210715,-13.051087310950422,639.5032782365707,STOP_LOSS,75,0.0025336615790119673
2026-04-09 12:30:00,2026-04-09 12:30:00,LONG,1.119,1.1125616626376424,1986.5478996968918,-12.790065564731416,626.7132126718393,STOP_LOSS,60,0.004292224908238414
2026-04-09 12:40:00,2026-04-09 16:20:00,LONG,1.123,1.115470759936718,1664.7449341617923,-12.534264253436787,614.1789484184026,STOP_LOSS,60,0.0050194933755213
2026-04-09 16:40:00,2026-04-09 17:00:00,LONG,1.121,1.128913309798499,2587.113626946644,20.47263161394694,634.6515800323496,TAKE_PROFIT,80,0.003165323919399612
2026-04-09 22:30:00,2026-04-09 22:55:00,LONG,1.135,1.1294431674638183,2284.220645124733,-12.693031600646991,621.9585484317025,STOP_LOSS,70,0.003704555024121164
2026-04-09 23:40:00,2026-04-09 23:45:00,LONG,1.132,1.1282697613931991,3334.6850643697735,-12.43917096863405,609.5193774630685,STOP_LOSS,80,0.0024868257378671452
2026-04-10 01:20:00,2026-04-10 02:05:00,LONG,1.127,1.1221924433215202,2535.6721437793203,-12.19038754926137,597.3289899138072,STOP_LOSS,80,0.0032050377856531363
2026-04-10 07:50:00,2026-04-10 07:50:00,LONG,1.123,1.1191477819723694,3101.2210920014386,-11.946579798276144,585.382410115531,STOP_LOSS,100,0.0025681453517537763
2026-04-10 09:10:00,2026-04-10 09:20:00,LONG,1.124,1.1208179354244607,3679.261663106289,-11.70764820231062,573.6747619132204,STOP_LOSS,95,0.0021213763836929423
2026-04-10 10:45:00,2026-04-10 11:05:00,LONG,1.138,1.1314546080850663,1752.9118786740719,-11.473495238264409,562.2012666749561,STOP_LOSS,55,0.004363594609955759
2026-04-10 11:55:00,2026-04-10 12:25:00,LONG,1.145,1.1395419572788112,2060.0837897161337,-11.244025333499124,550.9572413414569,STOP_LOSS,75,0.003638695147459135
2026-04-10 17:55:00,2026-04-10 18:05:00,LONG,1.135,1.1319317457794222,3591.340232803189,-11.019144826829137,539.9380965146278,STOP_LOSS,110,0.0020455028137185884
2026-04-10 20:05:00,2026-04-10 21:00:00,LONG,1.133,1.12967903408076,3251.6930895707947,-10.798761930292555,529.1393345843352,STOP_LOSS,55,0.0022139772794932512
2026-04-10 22:50:00,2026-04-10 22:50:00,LONG,1.134,1.1297258744931047,2476.012151401282,-10.582786691686705,518.5565478926485,STOP_LOSS,60,0.0028494170045968363
2026-04-11 02:30:00,2026-04-11 02:50:00,LONG,1.13,1.1265614022664237,3016.09311743095,-10.37113095785297,508.1854169347955,STOP_LOSS,50,0.0022923984890508634
2026-04-11 14:35:00,2026-04-11 14:55:00,LONG,1.127,1.1241427080858881,3557.1123442089915,-10.16370833869591,498.0217085960996,STOP_LOSS,75,0.001904861276074558
2026-04-11 15:30:00,2026-04-11 15:30:00,LONG,1.127,1.1243590454021115,3771.527984572553,-9.960434171921992,488.0612744241776,STOP_LOSS,110,0.0017606363985924072
2026-04-11 18:20:00,2026-04-11 19:30:00,LONG,1.134,1.130692257588162,2951.0234695269705,-9.761225488483552,478.30004893569406,STOP_LOSS,55,0.0022051616078919635
2026-04-11 21:35:00,2026-04-11 22:30:00,LONG,1.126,1.121637822218021,2192.941566534293,-9.566000978713882,468.7340479569802,STOP_LOSS,80,0.0029081185213192134
2026-04-13 09:45:00,2026-04-13 10:00:00,LONG,1.077,1.0734623489286652,2649.973321309657,-9.374680959139605,459.3593669978406,STOP_LOSS,55,0.0023584340475565437
2026-04-13 10:45:00,2026-04-13 10:45:00,LONG,1.078,1.0728144383592977,1771.6860730851145,-9.187187339956813,450.17217965788376,STOP_LOSS,80,0.0034570410938016397
2026-04-13 11:30:00,2026-04-13 12:25:00,LONG,1.082,1.0768317091098785,1742.054343412901,-9.003443593157675,441.1687360647261,STOP_LOSS,55,0.003445527260081087
2026-04-13 18:10:00,2026-04-13 18:35:00,LONG,1.08,1.0846352128167909,3172.5888576722136,14.705624535489932,455.87436060021605,TAKE_PROFIT,55,0.0018540851267164057
2026-04-13 21:05:00,2026-04-13 21:25:00,LONG,1.132,1.1249843448779493,1299.591706460533,-9.11748721200432,446.7568733882117,STOP_LOSS,60,0.004677103414700358
2026-04-13 22:05:00,2026-04-14 04:10:00,LONG,1.127,1.1202021304902328,1314.402616132326,-8.935137467764234,437.8217359204475,STOP_LOSS,95,0.004531913006511465
2026-04-14 05:30:00,2026-04-14 05:30:00,LONG,1.121,1.1181574720228382,3080.5095987664176,-8.75643471840895,429.06530120203854,STOP_LOSS,80,0.0018950186514410956
2026-04-14 06:50:00,2026-04-14 07:05:00,LONG,1.127,1.1241150311050343,2974.4882307102985,-8.58130602404077,420.48399517799777,STOP_LOSS,75,0.0019233125966437977
2026-04-14 10:40:00,2026-04-14 11:25:00,LONG,1.116,1.122558503493993,2137.0931928964333,14.016133172599927,434.5001283505977,TAKE_PROFIT,40,0.0026234013975971844
2026-04-14 12:35:00,2026-04-14 12:35:00,LONG,1.126,1.119769725260756,1394.802465495519,-8.690002567011955,425.81012578358576,STOP_LOSS,70,0.004153516492829386
2026-04-15 00:30:00,2026-04-15 00:30:00,LONG,1.112,1.109108259807839,2945.009561632598,-8.516202515671715,417.29392326791407,STOP_LOSS,95,0.0019278267947740577
2026-04-15 01:10:00,2026-04-15 01:10:00,LONG,1.114,1.1103209630532336,2268.495420436973,-8.34587846535828,408.9480448025558,STOP_LOSS,60,0.002452691297844292
2026-04-15 02:50:00,2026-04-15 03:00:00,LONG,1.123,1.1181288110332046,1679.0481649969342,-8.178960896051116,400.76908390650465,STOP_LOSS,55,0.003247459311196935
2026-04-15 03:30:00,2026-04-15 03:50:00,LONG,1.12,1.1159600940742407,1984.0515659095101,-8.015381678130094,392.75370222837455,STOP_LOSS,90,0.0026932706171730325
2026-04-15 05:55:00,2026-04-15 06:50:00,LONG,1.115,1.1111580709362052,2044.5650906445521,-7.855074044567491,384.89862818380703,STOP_LOSS,55,0.0025612860425298714
2026-04-15 07:45:00,2026-04-15 07:50:00,LONG,1.115,1.111537402857594,2223.178801079665,-7.6979725636761405,377.2006556201309,STOP_LOSS,75,0.002308398094937397
2026-04-15 08:25:00,2026-04-15 08:45:00,LONG,1.115,1.120054979480775,2487.3207171575455,12.573355187338064,389.7740108074689,TAKE_PROFIT,75,0.002021991792310009
2026-04-15 10:05:00,2026-04-15 10:20:00,LONG,1.118,1.1155256957719764,3150.5746657417726,-7.795480216149379,381.97853059131955,STOP_LOSS,110,0.0016495361520158338
2026-04-15 11:15:00,2026-04-15 11:55:00,LONG,1.122,1.128590350663209,1932.0091353345024,12.732617686377175,394.71114827769674,TAKE_PROFIT,80,0.002636140265283469
2026-04-15 13:00:00,2026-04-15 13:00:00,LONG,1.131,1.1252105128392702,1363.544429133654,-7.894222965553935,386.8169253121428,STOP_LOSS,80,0.003859658107153178
2026-04-15 13:10:00,2026-04-15 14:35:00,LONG,1.133,1.1418253580012099,1461.0056055105224,12.893897510404761,399.7108228225476,TAKE_PROFIT,70,0.0035301432004839284
2026-04-15 18:35:00,2026-04-15 18:35:00,LONG,1.142,1.1385090868403487,2290.007253359937,-7.9942164564509515,391.71660636609664,STOP_LOSS,80,0.0023272754397675563
2026-04-15 18:40:00,2026-04-15 19:05:00,LONG,1.143,1.148709096786163,2287.0903579442006,13.057220212203731,404.7738265783004,TAKE_PROFIT,55,0.0022836387144652154
2026-04-15 21:35:00,2026-04-15 22:05:00,LONG,1.133,1.1300260854044486,2722.1617405139323,-8.095476531566007,396.67835004673435,STOP_LOSS,75,0.00198260973036757
2026-04-15 22:40:00,2026-04-15 23:30:00,LONG,1.131,1.1380763245467305,1868.5705525382812,13.22261166822434,409.90096171495867,TAKE_PROFIT,80,0.0028305298186922035
2026-04-16 01:40:00,2026-04-16 02:05:00,LONG,1.14,1.1359371582636157,2017.8042282284991,-8.198019234299174,401.7029424806595,STOP_LOSS,100,0.002708561157589464
2026-04-16 04:15:00,2026-04-16 05:55:00,LONG,1.141,1.137549100270091,2328.105560408476,-8.03405884961319,393.6688836310463,STOP_LOSS,95,0.0023005998199393356
2026-04-16 07:25:00,2026-04-16 09:10:00,LONG,1.143,1.1522060467987079,1425.3996756650238,13.122296121035193,406.7911797520815,TAKE_PROFIT,50,0.003682418719483098
2026-04-16 10:05:00,2026-04-16 10:05:00,LONG,1.164,1.1580128521229198,1358.8813508660867,-8.13582359504163,398.6553561570399,STOP_LOSS,50,0.003991431918053423
2026-04-16 12:35:00,2026-04-16 15:40:00,LONG,1.157,1.171364598048677,925.087623536065,13.288511871901466,411.9438680289413,TAKE_PROFIT,70,0.005745839219470857
2026-04-16 21:50:00,2026-04-16 22:05:00,LONG,1.193,1.1865564569423692,1278.6253287811649,-8.238877360578826,403.7049906683625,STOP_LOSS,80,0.004295695371753861
2026-04-17 06:25:00,2026-04-17 06:25:00,LONG,1.176,1.170616117665376,1499.679842823164,-8.07409981336725,395.63089085499524,STOP_LOSS,90,0.0035892548897493363
2026-04-17 07:55:00,2026-04-17 08:20:00,LONG,1.172,1.1808708359135345,1486.635136798378,13.187696361833396,408.81858721682863,TAKE_PROFIT,70,0.003548334365413801
2026-04-17 09:50:00,2026-04-17 10:15:00,LONG,1.191,1.2012829665982119,1325.2290679355804,13.627286240560952,422.4458734573896,TAKE_PROFIT,100,0.004113186639284682
2026-04-17 13:05:00,2026-04-17 14:20:00,LONG,1.206,1.200550911100058,1550.5192930946482,-8.448917469147792,413.99695598824184,STOP_LOSS,75,0.0036327259332946038
2026-04-17 15:55:00,2026-04-17 17:30:00,LONG,1.195,1.1909251454435272,2031.9594245670219,-8.279939119764837,405.717016868477,STOP_LOSS,55,0.002716569704315179
2026-04-17 17:55:00,2026-04-17 18:35:00,LONG,1.195,1.1912644398339778,2172.1883671358187,-8.11434033736954,397.6026765311075,STOP_LOSS,75,0.0024903734440148073
2026-04-18 02:45:00,2026-04-18 03:35:00,LONG,1.185,1.1868532513808854,1724.9343836606283,3.196737028455634,400.7994135595631,STOP_LOSS,70,0.0030733743095573487
2026-04-18 07:35:00,2026-04-18 07:50:00,LONG,1.199,1.1883824285522588,754.9738008023085,-8.015988271191262,392.78342528837186,STOP_LOSS,55,0.007078380965160805
2026-04-19 09:55:00,2026-04-19 09:55:00,LONG,1.117,1.1130590456370064,1993.3416584403726,-7.855668505767437,384.92775678260443,STOP_LOSS,120,0.002627302908662331
2026-04-19 11:35:00,2026-04-19 11:35:00,LONG,1.117,1.113055127475295,1951.5345774646025,-7.6985551356520885,377.22920164695233,STOP_LOSS,55,0.0026299150164700467
2026-04-19 11:40:00,2026-04-19 12:15:00,LONG,1.121,1.116781110478589,1788.2867030885707,-7.544584032939047,369.6846176140133,STOP_LOSS,75,0.0028125930142740407
2026-04-20 00:30:00,2026-04-20 01:00:00,LONG,1.103,1.0999687513472465,2439.1573240169646,-7.393692352280267,362.29092526173304,STOP_LOSS,100,0.0020208324351689705
2026-04-20 01:30:00,2026-04-20 01:40:00,LONG,1.103,1.099820738625381,2279.088647155746,-7.245818505234661,355.0451067564984,STOP_LOSS,75,0.0021195075830792998
2026-04-20 06:20:00,2026-04-20 07:15:00,LONG,1.103,1.109991293993306,1692.7963411658009,11.83483689188303,366.8799436483814,TAKE_PROFIT,75,0.0027965175973224485
2026-04-20 09:10:00,2026-04-20 09:20:00,LONG,1.103,1.1084434314076999,2246.621760981075,12.22933145494638,379.1092751033278,TAKE_PROFIT,75,0.002177372563079916
2026-04-20 10:55:00,2026-04-20 11:10:00,LONG,1.108,1.1039904372977192,1891.02554693889,-7.582185502066555,371.5270896012612,STOP_LOSS,100,0.0026730418015206148
2026-04-20 12:20:00,2026-04-20 12:50:00,LONG,1.107,1.1008992567955993,1217.9732113073223,-7.430541792025223,364.096547809236,STOP_LOSS,60,0.0040671621362671
2026-04-20 14:05:00,2026-04-20 14:05:00,LONG,1.105,1.1019185357962513,2363.139882438389,-7.281930956184719,356.81461685305123,STOP_LOSS,70,0.0020543094691657165
2026-04-20 15:00:00,2026-04-20 15:15:00,LONG,1.108,1.114396000545471,1859.5715364957139,11.89382056176865,368.70843741481985,TAKE_PROFIT,80,0.0025584002181882563
2026-04-20 16:55:00,2026-04-20 17:20:00,LONG,1.11,1.1143366989030428,2834.0176530441777,12.290281247160243,380.9987186619801,TAKE_PROFIT,95,0.001734679561217099
2026-04-20 18:35:00,2026-04-20 19:15:00,LONG,1.12,1.1159417582394238,1877.6541228429503,-7.619974373239602,373.3787442887405,STOP_LOSS,75,0.0027054945070509213
2026-04-20 21:00:00,2026-04-20 21:00:00,LONG,1.109,1.1061580815298682,2627.652750864605,-7.46757488577481,365.9111694029657,STOP_LOSS,70,0.0018946123134211015
2026-04-20 21:40:00,2026-04-20 22:05:00,LONG,1.107,1.111892901686394,2492.802791034132,12.197038980098856,378.10820838306455,TAKE_PROFIT,75,0.001957160674557625
2026-04-21 02:05:00,2026-04-21 02:10:00,LONG,1.106,1.1031801772323682,2681.787045081543,-7.562164167661292,370.54604421540324,STOP_LOSS,75,0.0018798818450879323
2026-04-21 06:50:00,2026-04-21 07:50:00,LONG,1.105,1.1083889023465008,3644.7007155379106,12.351534807179569,382.8975790225828,TAKE_PROFIT,95,0.0013555609386003693
2026-04-21 08:30:00,2026-04-21 09:00:00,LONG,1.109,1.1057664516324193,2368.281129557123,-7.657951580451656,375.23962744213117,STOP_LOSS,55,0.0021556989117204337
2026-04-21 11:30:00,2026-04-21 11:55:00,LONG,1.105,1.1001775581789945,1556.2225170148208,-7.504792548842623,367.73483489328856,STOP_LOSS,60,0.003214961214003566
2026-04-21 12:15:00,2026-04-21 12:25:00,LONG,1.106,1.101702106309975,1711.2328103729426,-7.354696697865771,360.3801381954228,STOP_LOSS,60,0.002865262460016749
2026-04-21 13:00:00,2026-04-21 13:30:00,LONG,1.107,1.103098350381506,1847.3218942428887,-7.207602763908455,353.1725354315143,STOP_LOSS,95,0.0026010997456626115
2026-04-21 20:15:00,2026-04-21 20:45:00,LONG,1.102,1.1065807926252407,2569.95214820467,11.772417847717142,364.9449532792314,TAKE_PROFIT,100,0.0018323170500962633
2026-04-21 23:10:00,2026-04-21 23:15:00,LONG,1.106,1.1110708526290227,2398.9716653073488,12.164831775974557,377.109785055206,TAKE_PROFIT,60,0.002028341051609076
2026-04-22 00:55:00,2026-04-22 01:20:00,LONG,1.119,1.1150055807408805,1888.183290696108,-7.54219570110412,369.56758935410187,STOP_LOSS,90,0.0026629461727462845
2026-04-22 01:35:00,2026-04-22 02:15:00,LONG,1.12,1.1285779877969013,2228.654120222387,19.117367846781264,388.6849572008831,STOP_LOSS,95,0.002211006101549308
2026-04-22 03:50:00,2026-04-22 04:20:00,LONG,1.133,1.1292452034411893,2070.3383052209533,-7.773699144017663,380.91125805686545,STOP_LOSS,75,0.0025031977058738346
2026-04-22 04:45:00,2026-04-22 05:15:00,LONG,1.131,1.1278126549011216,2390.147575741976,-7.6182251611373095,373.2930328957281,STOP_LOSS,100,0.002124896732585617
2026-04-22 05:50:00,2026-04-22 06:50:00,LONG,1.128,1.1245012079521126,2133.8394953832058,-7.465860657914562,365.82717223781356,STOP_LOSS,55,0.002332528031924805
2026-04-22 08:00:00,2026-04-22 08:05:00,LONG,1.122,1.1196609612420898,3128.0129155674454,-7.316543444756271,358.51062879305726,STOP_LOSS,70,0.0015593591719401663
2026-04-22 08:45:00,2026-04-22 08:45:00,LONG,1.121,1.1184420222670595,2803.0785739556095,-7.170212575861146,351.3404162171961,STOP_LOSS,75,0.0017053184886270233
2026-04-22 08:55:00,2026-04-22 09:10:00,LONG,1.124,1.1207320078361471,2150.191301578664,-7.026808324343922,344.3136078928522,STOP_LOSS,80,0.002178661442568728
2026-04-22 13:45:00,2026-04-22 14:00:00,LONG,1.125,1.1297828649325874,2399.632944868829,11.477120263094541,355.79072815594674,TAKE_PROFIT,95,0.001913145973035046
2026-04-22 14:50:00,2026-04-22 16:00:00,LONG,1.128,1.1249521709240224,2334.715755291123,-7.115814563118934,348.6749135928278,STOP_LOSS,90,0.0020318860506515837
2026-04-23 23:45:00,2026-04-23 23:50:00,LONG,1.106,1.103265705503515,2550.383025976601,-6.973498271856556,341.70141532097125,STOP_LOSS,80,0.0018228629976566242
2026-04-24 04:00:00,2026-04-24 04:20:00,LONG,1.102,1.1002617378959176,3931.529250030322,-6.834028306419425,334.8673870145518,STOP_LOSS,95,0.0011588414027216298
2026-04-24 05:05:00,2026-04-24 05:05:00,LONG,1.102,1.099030101129094,2255.076024944781,-6.697347740291036,328.1700392742608,STOP_LOSS,100,0.0019799325806040477
2026-04-24 05:10:00,2026-04-24 05:20:00,LONG,1.103,1.1076231872579754,2366.1168580769668,10.939001309142201,339.109040583403,TAKE_PROFIT,75,0.00184927490319016
2026-04-24 10:05:00,2026-04-24 10:25:00,LONG,1.113,1.1099738137506132,2241.164374149938,-6.78218081166806,332.3268597717349,STOP_LOSS,95,0.0020174574995911916
2026-04-24 11:30:00,2026-04-24 12:05:00,LONG,1.11,1.106263479742116,1778.80400391527,-6.646537195434698,325.6803225763002,STOP_LOSS,55,0.0024910135052560738
2026-04-24 12:30:00,2026-04-24 12:55:00,LONG,1.111,1.1184428832207074,1458.57598871631,10.856010752543341,336.53633332884357,TAKE_PROFIT,50,0.0029771532882829728
2026-04-24 16:00:00,2026-04-24 16:00:00,LONG,1.126,1.121323761291923,1439.3462538495507,-6.730726666576872,329.8056066622667,STOP_LOSS,100,0.0031174924720513645
2026-04-24 17:50:00,2026-04-24 18:10:00,LONG,1.137,1.1310232859548468,1103.6352221994666,-6.5961121332453345,323.20949452902136,STOP_LOSS,60,0.003984476030102194
2026-04-24 20:10:00,2026-04-24 20:50:00,LONG,1.129,1.1359780502125592,1543.9341204858633,10.773649817633704,333.9831443466551,TAKE_PROFIT,100,0.002791220085023722
2026-04-24 21:50:00,2026-04-24 22:15:00,LONG,1.136,1.1440536335024187,1382.3290412803506,11.132771478221938,345.115915824877,TAKE_PROFIT,75,0.0032214534009674845
2026-04-25 04:20:00,2026-04-25 05:20:00,LONG,1.429,1.5160956705345345,132.08307359282347,11.503863860829226,356.6197796857062,TAKE_PROFIT,75,0.03483826821381381
2026-04-25 07:55:00,2026-04-25 08:40:00,LONG,1.722,1.640628548427093,87.65230871325508,-7.132395593714124,349.48738409199206,STOP_LOSS,75,0.05424763438193799
2026-04-25 12:05:00,2026-04-25 12:10:00,LONG,1.584,1.5420757561458682,166.7232856043739,-6.989747681839841,342.4976364101522,STOP_LOSS,80,0.02794949590275457
2026-04-25 15:00:00,2026-04-25 17:20:00,LONG,1.553,1.522681109619131,225.93019210641503,-6.849952728203045,335.64768368194916,STOP_LOSS,55,0.020212593587245954
2026-04-25 17:50:00,2026-04-25 18:35:00,LONG,1.532,1.5740261116210708,266.2215392090226,11.18825612273164,346.8359398046808,TAKE_PROFIT,55,0.016810444648428336
2026-04-25 19:40:00,2026-04-25 19:50:00,LONG,1.585,1.594734015674464,278.030504201607,2.706353285877594,349.54229309055836,STOP_LOSS,60,0.016632992162767923
2026-04-26 17:05:00,2026-04-26 17:35:00,LONG,1.415,1.4279673403787274,898.5196215562509,11.651409769685213,361.19370286024355,TAKE_PROFIT,95,0.005186936151491022
2026-04-26 18:55:00,2026-04-26 19:00:00,LONG,1.448,1.471280088577567,517.171146287781,12.039790095341415,373.23349295558495,TAKE_PROFIT,75,0.00931203543102679
2026-04-27 01:45:00,2026-04-27 02:15:00,LONG,1.421,1.4106283632755583,719.719563790785,-7.464669859111699,365.7688230964732,STOP_LOSS,55,0.0069144244829611725
2026-04-27 11:30:00,2026-04-27 12:15:00,LONG,1.43,1.406028266534959,305.1667695453824,-7.315376461929464,358.45344663454375,STOP_LOSS,55,0.01598115564336054
2026-04-27 13:00:00,2026-04-27 14:15:00,LONG,1.416,1.4454791177741393,405.31905712705105,11.948448221151459,370.4018948556952,TAKE_PROFIT,55,0.011791647109655783
2026-04-27 16:35:00,2026-04-27 16:50:00,LONG,1.457,1.4400957097853568,438.23418807000473,-7.408037897113904,362.9938569585813,STOP_LOSS,90,0.011269526809762188
2026-04-27 17:15:00,2026-04-27 18:20:00,LONG,1.447,1.4330328056977524,519.7806361155384,-7.259877139171627,355.7339798194097,STOP_LOSS,75,0.009311462868165183
2026-04-27 19:20:00,2026-04-27 19:45:00,LONG,1.436,1.4513065028011787,774.6903052472977,11.85779932731377,367.59177914672347,TAKE_PROFIT,75,0.006122601120471489
2026-04-27 22:40:00,2026-04-27 23:05:00,LONG,1.435,1.4437865751086834,604.5883278592457,5.312260752568509,372.904039899292,STOP_LOSS,50,0.00810671244565834
2026-04-28 00:05:00,2026-04-28 00:20:00,LONG,1.463,1.5055474206178194,292.1477843501486,12.430134663309754,385.33417456260173,TAKE_PROFIT,55,0.01701896824712775
2026-04-28 00:25:00,2026-04-28 01:20:00,LONG,1.519,1.4917145851227787,282.4469969003779,-7.706683491252035,377.6274910713497,STOP_LOSS,55,0.018190276584814126
2026-04-28 03:05:00,2026-04-28 03:20:00,LONG,1.473,1.4565209902978398,458.31333059030186,-7.552549821426994,370.0749412499227,STOP_LOSS,100,0.010986006468106838
2026-04-28 15:55:00,2026-04-28 15:55:00,LONG,1.481,1.4690328385614884,618.4840793723699,-7.401498824998454,362.67344242492425,STOP_LOSS,75,0.007978107625674531
2026-04-28 16:15:00,2026-04-28 16:50:00,LONG,1.487,1.507447542315896,591.2258089863128,12.089114747497389,374.7625571724216,TAKE_PROFIT,75,0.00817901692635833
2026-04-28 17:40:00,2026-04-28 18:00:00,LONG,1.492,1.4801946412778806,634.902447259376,-7.4952511434484315,367.26730602897317,STOP_LOSS,110,0.007870239148079562
2026-04-28 18:15:00,2026-04-28 18:35:00,LONG,1.499,1.519947667269902,584.4203737133644,12.242243534299236,379.5095495632724,TAKE_PROFIT,75,0.008379066907960652
2026-04-28 18:45:00,2026-04-28 18:55:00,LONG,1.523,1.5063415166995298,455.63517724637217,-7.590190991265448,371.91935857200696,STOP_LOSS,50,0.011105655533646886
2026-04-28 19:20:00,2026-04-28 19:45:00,LONG,1.526,1.5506613799074414,502.70147083941015,12.397311952400232,384.3166705244072,TAKE_PROFIT,50,0.009864551962976495
2026-04-28 20:40:00,2026-04-28 21:15:00,LONG,1.507,1.4874953245124538,394.0764569703269,-7.686333410488145,376.63033711391904,STOP_LOSS,40,0.013003116991697417
2026-04-28 22:00:00,2026-04-28 22:05:00,LONG,1.492,1.4771936975349347,508.74327064783176,-7.532606742278381,369.09773037164064,STOP_LOSS,75,0.00987086831004363
2026-04-28 23:00:00,2026-04-29 00:35:00,LONG,1.475,1.4929679648126983,684.7329570881411,12.303257679054537,381.40098805069516,TAKE_PROFIT,55,0.007187185925079329
2026-04-29 01:55:00,2026-04-29 02:20:00,LONG,1.519,1.5456482111972862,477.08141361664985,12.7133662683564,394.1143543190516,TAKE_PROFIT,55,0.01065928447891462
2026-04-30 07:35:00,2026-04-30 07:55:00,LONG,1.399,1.3930051402900063,1314.8409583698703,-7.882287086381032,386.23206723267054,STOP_LOSS,100,0.0039965731399958255
2026-04-30 22:55:00,2026-04-30 23:15:00,LONG,1.381,1.3747720485968138,1240.3181792172445,-7.724641344653411,378.5074258880171,STOP_LOSS,55,0.004151967602124037
2026-04-30 23:50:00,2026-04-30 23:55:00,LONG,1.389,1.39,1080.6239380790523,1.0806239380789333,379.58804982609604,FIM_PERIODO,50,0.004670233094667739
